tanggal,kecamatan,kota,target_total,target_harian,suntikan_1,keterangan,suntikan_2
11/06/2021,Cakung,Jakarta Timur,393257,5333,74966,Tidak Tercapai,37590
11/06/2021,Cengkareng,Jakarta Barat,400577,5041,85668,Tidak Tercapai,47581
11/06/2021,Kali Deres,Jakarta Barat,310580,4295,42991,Tidak Tercapai,23222
11/06/2021,Cilincing,Jakarta Utara,297146,4073,41494,Tidak Tercapai,22305
11/06/2021,Duren Sawit,Jakarta Timur,316352,4006,41413,Tidak Tercapai,28993
11/06/2021,Tanjung Priok,Jakarta Utara,298459,3728,81521,Tidak Tercapai,51856
11/06/2021,Jagakarsa,Jakarta Selatan,251984,3291,33493,Tidak Tercapai,21193
11/06/2021,Kebon Jeruk,Jakarta Barat,257954,3285,53785,Tidak Tercapai,38086
11/06/2021,Koja,Jakarta Utara,239255,3253,40095,Tidak Tercapai,23217
11/06/2021,Kebayoran Lama,Jakarta Selatan,236795,3018,50278,Tidak Tercapai,39551
11/06/2021,Jatinegara,Jakarta Timur,235252,3010,63222,Tidak Tercapai,37131
11/06/2021,Kramat Jati,Jakarta Timur,222733,2939,52251,Tidak Tercapai,36077
11/06/2021,Pasar Minggu,Jakarta Selatan,235775,2937,43323,Tidak Tercapai,27425
11/06/2021,Penjaringan,Jakarta Utara,231336,2860,90895,Tidak Tercapai,46467
11/06/2021,Ciracas,Jakarta Timur,221198,2800,32047,Tidak Tercapai,20888
11/06/2021,Pulo Gadung,Jakarta Timur,225123,2779,48208,Tidak Tercapai,30966
11/06/2021,Kembangan,Jakarta Barat,214043,2686,51430,Tidak Tercapai,33548
11/06/2021,Cipayung,Jakarta Timur,201654,2658,62833,Tidak Tercapai,47865
11/06/2021,Tambora,Jakarta Barat,200360,2565,28635,Tidak Tercapai,16484
11/06/2021,Pesanggrahan,Jakarta Selatan,185969,2378,31145,Tidak Tercapai,19138
11/06/2021,Kemayoran,Jakarta Pusat,188682,2364,85087,Tidak Tercapai,53498
11/06/2021,Tebet,Jakarta Selatan,176385,2177,45813,Tidak Tercapai,28089
11/06/2021,Grogol Petamburan,Jakarta Barat,178891,2095,93121,Tidak Tercapai,37259
11/06/2021,Palmerah,Jakarta Barat,166705,2077,45162,Tidak Tercapai,156991
11/06/2021,Pasar Rebo,Jakarta Timur,164381,2071,31829,Tidak Tercapai,21996
11/06/2021,Cilandak,Jakarta Selatan,163026,2047,54250,Tidak Tercapai,38481
11/06/2021,Makasar,Jakarta Timur,158891,1927,55656,Tidak Tercapai,38990
11/06/2021,Matraman,Jakarta Timur,139214,1745,25955,Tidak Tercapai,18699
11/06/2021,Tanah Abang,Jakarta Pusat,130291,1647,511564,Tidak Tercapai,128537
11/06/2021,Pancoran,Jakarta Selatan,126184,1612,32563,Tidak Tercapai,16683
11/06/2021,Pademangan,Jakarta Utara,121625,1492,76901,Tidak Tercapai,50323
11/06/2021,Mampang Prapatan,Jakarta Selatan,114768,1483,28263,Tidak Tercapai,16416
11/06/2021,Kebayoran Baru,Jakarta Selatan,116091,1342,114730,Tidak Tercapai,215545
11/06/2021,Taman Sari,Jakarta Barat,98165,1149,25199,Tidak Tercapai,16819
11/06/2021,Sawah Besar,Jakarta Pusat,100082,1120,39451,Tidak Tercapai,22174
11/06/2021,Kelapa Gading,Jakarta Utara,108121,1114,76263,Tidak Tercapai,42103
11/06/2021,Johar Baru,Jakarta Pusat,103494,1102,45816,Tidak Tercapai,15372
11/06/2021,Senen,Jakarta Pusat,93920,1099,77377,Tidak Tercapai,57501
11/06/2021,Setia Budi,Jakarta Selatan,86331,1019,93862,Tidak Tercapai,67141
11/06/2021,Cempaka Putih,Jakarta Pusat,74156,893,23538,Tidak Tercapai,18224
11/06/2021,Gambir,Jakarta Pusat,74839,879,128051,Tidak Tercapai,106825
11/06/2021,Menteng,Jakarta Pusat,67585,770,51423,Tidak Tercapai,32895
11/06/2021,Kep. Seribu Utara,Kepulauan Seribu,11451,122,3996,Tidak Tercapai,2850
11/06/2021,Kep. Seribu Selatan,Kepulauan Seribu,8039,82,4363,Tidak Tercapai,2818
12/06/2021,Cakung,Jakarta Timur,393257,5333,897,Tidak Tercapai,0
12/06/2021,Cengkareng,Jakarta Barat,400577,5041,429,Tidak Tercapai,1
12/06/2021,Kali Deres,Jakarta Barat,310580,4295,162,Tidak Tercapai,24
12/06/2021,Cilincing,Jakarta Utara,297146,4073,17,Tidak Tercapai,1
12/06/2021,Duren Sawit,Jakarta Timur,316352,4006,7,Tidak Tercapai,4
12/06/2021,Tanjung Priok,Jakarta Utara,298459,3728,1031,Tidak Tercapai,32
12/06/2021,Jagakarsa,Jakarta Selatan,251984,3291,39,Tidak Tercapai,2
12/06/2021,Kebon Jeruk,Jakarta Barat,257954,3285,366,Tidak Tercapai,0
12/06/2021,Koja,Jakarta Utara,239255,3253,188,Tidak Tercapai,5
12/06/2021,Kebayoran Lama,Jakarta Selatan,236795,3018,150,Tidak Tercapai,0
12/06/2021,Jatinegara,Jakarta Timur,235252,3010,1053,Tidak Tercapai,66
12/06/2021,Kramat Jati,Jakarta Timur,222733,2939,271,Tidak Tercapai,0
12/06/2021,Pasar Minggu,Jakarta Selatan,235775,2937,107,Tidak Tercapai,25
12/06/2021,Penjaringan,Jakarta Utara,231336,2860,994,Tidak Tercapai,1
12/06/2021,Ciracas,Jakarta Timur,221198,2800,59,Tidak Tercapai,29
12/06/2021,Pulo Gadung,Jakarta Timur,225123,2779,0,Tidak Tercapai,1
12/06/2021,Kembangan,Jakarta Barat,214043,2686,276,Tidak Tercapai,0
12/06/2021,Cipayung,Jakarta Timur,201654,2658,203,Tidak Tercapai,77
12/06/2021,Tambora,Jakarta Barat,200360,2565,165,Tidak Tercapai,5
12/06/2021,Pesanggrahan,Jakarta Selatan,185969,2378,16,Tidak Tercapai,2
12/06/2021,Kemayoran,Jakarta Pusat,188682,2364,969,Tidak Tercapai,1
12/06/2021,Tebet,Jakarta Selatan,176385,2177,1188,Tidak Tercapai,1
12/06/2021,Grogol Petamburan,Jakarta Barat,178891,2095,842,Tidak Tercapai,199
12/06/2021,Palmerah,Jakarta Barat,166705,2077,520,Tidak Tercapai,10
12/06/2021,Pasar Rebo,Jakarta Timur,164381,2071,157,Tidak Tercapai,1
12/06/2021,Cilandak,Jakarta Selatan,163026,2047,48,Tidak Tercapai,4
12/06/2021,Makasar,Jakarta Timur,158891,1927,701,Tidak Tercapai,4
12/06/2021,Matraman,Jakarta Timur,139214,1745,1,Tidak Tercapai,1
12/06/2021,Tanah Abang,Jakarta Pusat,130291,1647,1,Tidak Tercapai,2
12/06/2021,Pancoran,Jakarta Selatan,126184,1612,2322,Tercapai,0
12/06/2021,Pademangan,Jakarta Utara,121625,1492,315,Tidak Tercapai,153
12/06/2021,Mampang Prapatan,Jakarta Selatan,114768,1483,43,Tidak Tercapai,6
12/06/2021,Kebayoran Baru,Jakarta Selatan,116091,1342,2296,Tercapai,287
12/06/2021,Taman Sari,Jakarta Barat,98165,1149,0,Tidak Tercapai,0
12/06/2021,Sawah Besar,Jakarta Pusat,100082,1120,9,Tidak Tercapai,3
12/06/2021,Kelapa Gading,Jakarta Utara,108121,1114,1237,Tercapai,30
12/06/2021,Johar Baru,Jakarta Pusat,103494,1102,248,Tidak Tercapai,0
12/06/2021,Senen,Jakarta Pusat,93920,1099,427,Tidak Tercapai,34
12/06/2021,Setia Budi,Jakarta Selatan,86331,1019,1073,Tercapai,61
12/06/2021,Cempaka Putih,Jakarta Pusat,74156,893,189,Tidak Tercapai,0
12/06/2021,Gambir,Jakarta Pusat,74839,879,208,Tidak Tercapai,59
12/06/2021,Menteng,Jakarta Pusat,67585,770,57,Tidak Tercapai,42
12/06/2021,Kep. Seribu Utara,Kepulauan Seribu,11451,122,0,Tidak Tercapai,0
12/06/2021,Kep. Seribu Selatan,Kepulauan Seribu,8039,82,0,Tidak Tercapai,0
13/06/2021,Cakung,Jakarta Timur,393257,5333,0,Tidak Tercapai,0
13/06/2021,Cengkareng,Jakarta Barat,400577,5041,0,Tidak Tercapai,0
13/06/2021,Kali Deres,Jakarta Barat,310580,4295,0,Tidak Tercapai,0
13/06/2021,Cilincing,Jakarta Utara,297146,4073,0,Tidak Tercapai,0
13/06/2021,Duren Sawit,Jakarta Timur,316352,4006,0,Tidak Tercapai,1
13/06/2021,Tanjung Priok,Jakarta Utara,298459,3728,59,Tidak Tercapai,0
13/06/2021,Jagakarsa,Jakarta Selatan,251984,3291,0,Tidak Tercapai,1
13/06/2021,Kebon Jeruk,Jakarta Barat,257954,3285,0,Tidak Tercapai,0
13/06/2021,Koja,Jakarta Utara,239255,3253,0,Tidak Tercapai,0
13/06/2021,Kebayoran Lama,Jakarta Selatan,236795,3018,1,Tidak Tercapai,2
13/06/2021,Jatinegara,Jakarta Timur,235252,3010,2,Tidak Tercapai,0
13/06/2021,Kramat Jati,Jakarta Timur,222733,2939,0,Tidak Tercapai,0
13/06/2021,Pasar Minggu,Jakarta Selatan,235775,2937,5,Tidak Tercapai,5
13/06/2021,Penjaringan,Jakarta Utara,231336,2860,0,Tidak Tercapai,0
13/06/2021,Ciracas,Jakarta Timur,221198,2800,0,Tidak Tercapai,0
13/06/2021,Pulo Gadung,Jakarta Timur,225123,2779,0,Tidak Tercapai,0
13/06/2021,Kembangan,Jakarta Barat,214043,2686,7,Tidak Tercapai,3
13/06/2021,Cipayung,Jakarta Timur,201654,2658,3,Tidak Tercapai,0
13/06/2021,Tambora,Jakarta Barat,200360,2565,0,Tidak Tercapai,0
13/06/2021,Pesanggrahan,Jakarta Selatan,185969,2378,0,Tidak Tercapai,1
13/06/2021,Kemayoran,Jakarta Pusat,188682,2364,0,Tidak Tercapai,2
13/06/2021,Tebet,Jakarta Selatan,176385,2177,0,Tidak Tercapai,1
13/06/2021,Grogol Petamburan,Jakarta Barat,178891,2095,0,Tidak Tercapai,0
13/06/2021,Palmerah,Jakarta Barat,166705,2077,0,Tidak Tercapai,0
13/06/2021,Pasar Rebo,Jakarta Timur,164381,2071,0,Tidak Tercapai,0
13/06/2021,Cilandak,Jakarta Selatan,163026,2047,1,Tidak Tercapai,0
13/06/2021,Makasar,Jakarta Timur,158891,1927,1,Tidak Tercapai,0
13/06/2021,Matraman,Jakarta Timur,139214,1745,3,Tidak Tercapai,0
13/06/2021,Tanah Abang,Jakarta Pusat,130291,1647,0,Tidak Tercapai,1
13/06/2021,Pancoran,Jakarta Selatan,126184,1612,2,Tidak Tercapai,0
13/06/2021,Pademangan,Jakarta Utara,121625,1492,58,Tidak Tercapai,0
13/06/2021,Mampang Prapatan,Jakarta Selatan,114768,1483,0,Tidak Tercapai,0
13/06/2021,Kebayoran Baru,Jakarta Selatan,116091,1342,6,Tidak Tercapai,3
13/06/2021,Taman Sari,Jakarta Barat,98165,1149,0,Tidak Tercapai,0
13/06/2021,Sawah Besar,Jakarta Pusat,100082,1120,1,Tidak Tercapai,4
13/06/2021,Kelapa Gading,Jakarta Utara,108121,1114,14,Tidak Tercapai,0
13/06/2021,Johar Baru,Jakarta Pusat,103494,1102,0,Tidak Tercapai,0
13/06/2021,Senen,Jakarta Pusat,93920,1099,0,Tidak Tercapai,0
13/06/2021,Setia Budi,Jakarta Selatan,86331,1019,4,Tidak Tercapai,0
13/06/2021,Cempaka Putih,Jakarta Pusat,74156,893,0,Tidak Tercapai,0
13/06/2021,Gambir,Jakarta Pusat,74839,879,31,Tidak Tercapai,5
13/06/2021,Menteng,Jakarta Pusat,67585,770,0,Tidak Tercapai,0
13/06/2021,Kep. Seribu Utara,Kepulauan Seribu,11451,122,0,Tidak Tercapai,0
13/06/2021,Kep. Seribu Selatan,Kepulauan Seribu,8039,82,0,Tidak Tercapai,0
14/06/2021,Cakung,Jakarta Timur,393257,5333,2258,Tidak Tercapai,36
14/06/2021,Cengkareng,Jakarta Barat,400577,5041,3144,Tidak Tercapai,0
14/06/2021,Kali Deres,Jakarta Barat,310580,4295,1680,Tidak Tercapai,26
14/06/2021,Cilincing,Jakarta Utara,297146,4073,2239,Tidak Tercapai,26
14/06/2021,Duren Sawit,Jakarta Timur,316352,4006,1688,Tidak Tercapai,49
14/06/2021,Tanjung Priok,Jakarta Utara,298459,3728,4074,Tercapai,133
14/06/2021,Jagakarsa,Jakarta Selatan,251984,3291,1415,Tidak Tercapai,31
14/06/2021,Kebon Jeruk,Jakarta Barat,257954,3285,2900,Tidak Tercapai,22
14/06/2021,Koja,Jakarta Utara,239255,3253,1201,Tidak Tercapai,8
14/06/2021,Kebayoran Lama,Jakarta Selatan,236795,3018,1004,Tidak Tercapai,24
14/06/2021,Jatinegara,Jakarta Timur,235252,3010,3105,Tercapai,49
14/06/2021,Kramat Jati,Jakarta Timur,222733,2939,1175,Tidak Tercapai,115
14/06/2021,Pasar Minggu,Jakarta Selatan,235775,2937,1308,Tidak Tercapai,49
14/06/2021,Penjaringan,Jakarta Utara,231336,2860,3287,Tercapai,3
14/06/2021,Ciracas,Jakarta Timur,221198,2800,608,Tidak Tercapai,8
14/06/2021,Pulo Gadung,Jakarta Timur,225123,2779,736,Tidak Tercapai,27
14/06/2021,Kembangan,Jakarta Barat,214043,2686,2198,Tidak Tercapai,27
14/06/2021,Cipayung,Jakarta Timur,201654,2658,1117,Tidak Tercapai,284
14/06/2021,Tambora,Jakarta Barat,200360,2565,1611,Tidak Tercapai,15
14/06/2021,Pesanggrahan,Jakarta Selatan,185969,2378,1100,Tidak Tercapai,62
14/06/2021,Kemayoran,Jakarta Pusat,188682,2364,2873,Tercapai,10
14/06/2021,Tebet,Jakarta Selatan,176385,2177,1598,Tidak Tercapai,5
14/06/2021,Grogol Petamburan,Jakarta Barat,178891,2095,4135,Tercapai,243
14/06/2021,Palmerah,Jakarta Barat,166705,2077,2176,Tercapai,44
14/06/2021,Pasar Rebo,Jakarta Timur,164381,2071,652,Tidak Tercapai,38
14/06/2021,Cilandak,Jakarta Selatan,163026,2047,1380,Tidak Tercapai,15
14/06/2021,Makasar,Jakarta Timur,158891,1927,656,Tidak Tercapai,1018
14/06/2021,Matraman,Jakarta Timur,139214,1745,841,Tidak Tercapai,17
14/06/2021,Tanah Abang,Jakarta Pusat,130291,1647,774,Tidak Tercapai,42
14/06/2021,Pancoran,Jakarta Selatan,126184,1612,3550,Tercapai,6
14/06/2021,Pademangan,Jakarta Utara,121625,1492,1006,Tidak Tercapai,66
14/06/2021,Mampang Prapatan,Jakarta Selatan,114768,1483,860,Tidak Tercapai,10
14/06/2021,Kebayoran Baru,Jakarta Selatan,116091,1342,9102,Tercapai,738
14/06/2021,Taman Sari,Jakarta Barat,98165,1149,1174,Tercapai,52
14/06/2021,Sawah Besar,Jakarta Pusat,100082,1120,1786,Tercapai,13
14/06/2021,Kelapa Gading,Jakarta Utara,108121,1114,2855,Tercapai,52
14/06/2021,Johar Baru,Jakarta Pusat,103494,1102,897,Tidak Tercapai,43
14/06/2021,Senen,Jakarta Pusat,93920,1099,1084,Tidak Tercapai,131
14/06/2021,Setia Budi,Jakarta Selatan,86331,1019,1240,Tercapai,4
14/06/2021,Cempaka Putih,Jakarta Pusat,74156,893,567,Tidak Tercapai,2
14/06/2021,Gambir,Jakarta Pusat,74839,879,941,Tercapai,126
14/06/2021,Menteng,Jakarta Pusat,67585,770,1445,Tercapai,8
14/06/2021,Kep. Seribu Utara,Kepulauan Seribu,11451,122,12,Tidak Tercapai,14
14/06/2021,Kep. Seribu Selatan,Kepulauan Seribu,8039,82,39,Tidak Tercapai,0
15/06/2021,Cakung,Jakarta Timur,393257,5333,1958,Tidak Tercapai,37
15/06/2021,Cengkareng,Jakarta Barat,400577,5041,3480,Tidak Tercapai,21
15/06/2021,Kali Deres,Jakarta Barat,310580,4295,2107,Tidak Tercapai,8
15/06/2021,Cilincing,Jakarta Utara,297146,4073,3023,Tidak Tercapai,4
15/06/2021,Duren Sawit,Jakarta Timur,316352,4006,1662,Tidak Tercapai,42
15/06/2021,Tanjung Priok,Jakarta Utara,298459,3728,3138,Tidak Tercapai,51
15/06/2021,Jagakarsa,Jakarta Selatan,251984,3291,1703,Tidak Tercapai,11
15/06/2021,Kebon Jeruk,Jakarta Barat,257954,3285,3436,Tercapai,60
15/06/2021,Koja,Jakarta Utara,239255,3253,1485,Tidak Tercapai,26
15/06/2021,Kebayoran Lama,Jakarta Selatan,236795,3018,1243,Tidak Tercapai,54
15/06/2021,Jatinegara,Jakarta Timur,235252,3010,2698,Tidak Tercapai,16
15/06/2021,Kramat Jati,Jakarta Timur,222733,2939,876,Tidak Tercapai,88
15/06/2021,Pasar Minggu,Jakarta Selatan,235775,2937,1397,Tidak Tercapai,48
15/06/2021,Penjaringan,Jakarta Utara,231336,2860,2102,Tidak Tercapai,246
15/06/2021,Ciracas,Jakarta Timur,221198,2800,609,Tidak Tercapai,3
15/06/2021,Pulo Gadung,Jakarta Timur,225123,2779,1206,Tidak Tercapai,29
15/06/2021,Kembangan,Jakarta Barat,214043,2686,2327,Tidak Tercapai,8
15/06/2021,Cipayung,Jakarta Timur,201654,2658,1205,Tidak Tercapai,219
15/06/2021,Tambora,Jakarta Barat,200360,2565,1984,Tidak Tercapai,13
15/06/2021,Pesanggrahan,Jakarta Selatan,185969,2378,1442,Tidak Tercapai,40
15/06/2021,Kemayoran,Jakarta Pusat,188682,2364,3229,Tercapai,11
15/06/2021,Tebet,Jakarta Selatan,176385,2177,1729,Tidak Tercapai,7
15/06/2021,Grogol Petamburan,Jakarta Barat,178891,2095,2944,Tercapai,45
15/06/2021,Palmerah,Jakarta Barat,166705,2077,2510,Tercapai,2
15/06/2021,Pasar Rebo,Jakarta Timur,164381,2071,977,Tidak Tercapai,37
15/06/2021,Cilandak,Jakarta Selatan,163026,2047,2144,Tercapai,29
15/06/2021,Makasar,Jakarta Timur,158891,1927,1044,Tidak Tercapai,1537
15/06/2021,Matraman,Jakarta Timur,139214,1745,818,Tidak Tercapai,14
15/06/2021,Tanah Abang,Jakarta Pusat,130291,1647,4878,Tercapai,23
15/06/2021,Pancoran,Jakarta Selatan,126184,1612,3085,Tercapai,28
15/06/2021,Pademangan,Jakarta Utara,121625,1492,1145,Tidak Tercapai,30
15/06/2021,Mampang Prapatan,Jakarta Selatan,114768,1483,901,Tidak Tercapai,21
15/06/2021,Kebayoran Baru,Jakarta Selatan,116091,1342,3668,Tercapai,282
15/06/2021,Taman Sari,Jakarta Barat,98165,1149,1161,Tercapai,0
15/06/2021,Sawah Besar,Jakarta Pusat,100082,1120,1567,Tercapai,43
15/06/2021,Kelapa Gading,Jakarta Utara,108121,1114,2502,Tercapai,12
15/06/2021,Johar Baru,Jakarta Pusat,103494,1102,871,Tidak Tercapai,43
15/06/2021,Senen,Jakarta Pusat,93920,1099,1932,Tercapai,67
15/06/2021,Setia Budi,Jakarta Selatan,86331,1019,1685,Tercapai,24
15/06/2021,Cempaka Putih,Jakarta Pusat,74156,893,683,Tidak Tercapai,0
15/06/2021,Gambir,Jakarta Pusat,74839,879,1272,Tercapai,64
15/06/2021,Menteng,Jakarta Pusat,67585,770,1591,Tercapai,22
15/06/2021,Kep. Seribu Utara,Kepulauan Seribu,11451,122,65,Tidak Tercapai,3
15/06/2021,Kep. Seribu Selatan,Kepulauan Seribu,8039,82,63,Tidak Tercapai,17
16/06/2021,Cakung,Jakarta Timur,393257,5333,2296,Tercapai,32
16/06/2021,Cengkareng,Jakarta Barat,400577,5041,3275,Tidak Tercapai,2
16/06/2021,Kali Deres,Jakarta Barat,310580,4295,2347,Tercapai,21
16/06/2021,Cilincing,Jakarta Utara,297146,4073,2995,Tidak Tercapai,8
16/06/2021,Duren Sawit,Jakarta Timur,316352,4006,1518,Tidak Tercapai,46
16/06/2021,Tanjung Priok,Jakarta Utara,298459,3728,3270,Tercapai,30
16/06/2021,Jagakarsa,Jakarta Selatan,251984,3291,1888,Tercapai,11
16/06/2021,Kebon Jeruk,Jakarta Barat,257954,3285,3346,Tidak Tercapai,36
16/06/2021,Koja,Jakarta Utara,239255,3253,2589,Tercapai,2
16/06/2021,Kebayoran Lama,Jakarta Selatan,236795,3018,1602,Tercapai,44
16/06/2021,Jatinegara,Jakarta Timur,235252,3010,3304,Tercapai,44
16/06/2021,Kramat Jati,Jakarta Timur,222733,2939,1091,Tercapai,136
16/06/2021,Pasar Minggu,Jakarta Selatan,235775,2937,1594,Tercapai,42
16/06/2021,Penjaringan,Jakarta Utara,231336,2860,2463,Tercapai,13
16/06/2021,Ciracas,Jakarta Timur,221198,2800,1192,Tercapai,20
16/06/2021,Pulo Gadung,Jakarta Timur,225123,2779,1257,Tercapai,28
16/06/2021,Kembangan,Jakarta Barat,214043,2686,2853,Tercapai,24
16/06/2021,Cipayung,Jakarta Timur,201654,2658,1599,Tercapai,279
16/06/2021,Tambora,Jakarta Barat,200360,2565,2233,Tercapai,21
16/06/2021,Pesanggrahan,Jakarta Selatan,185969,2378,1430,Tidak Tercapai,24
16/06/2021,Kemayoran,Jakarta Pusat,188682,2364,3483,Tercapai,20
16/06/2021,Tebet,Jakarta Selatan,176385,2177,1922,Tercapai,26
16/06/2021,Grogol Petamburan,Jakarta Barat,178891,2095,3027,Tercapai,42
16/06/2021,Palmerah,Jakarta Barat,166705,2077,3222,Tercapai,74
16/06/2021,Pasar Rebo,Jakarta Timur,164381,2071,835,Tidak Tercapai,35
16/06/2021,Cilandak,Jakarta Selatan,163026,2047,2734,Tercapai,18
16/06/2021,Makasar,Jakarta Timur,158891,1927,661,Tidak Tercapai,1461
16/06/2021,Matraman,Jakarta Timur,139214,1745,833,Tercapai,31
16/06/2021,Tanah Abang,Jakarta Pusat,130291,1647,4074,Tidak Tercapai,81
16/06/2021,Pancoran,Jakarta Selatan,126184,1612,3400,Tercapai,18
16/06/2021,Pademangan,Jakarta Utara,121625,1492,1590,Tercapai,26
16/06/2021,Mampang Prapatan,Jakarta Selatan,114768,1483,1012,Tercapai,20
16/06/2021,Kebayoran Baru,Jakarta Selatan,116091,1342,4142,Tercapai,322
16/06/2021,Taman Sari,Jakarta Barat,98165,1149,3151,Tercapai,0
16/06/2021,Sawah Besar,Jakarta Pusat,100082,1120,1624,Tercapai,25
16/06/2021,Kelapa Gading,Jakarta Utara,108121,1114,2716,Tercapai,18
16/06/2021,Johar Baru,Jakarta Pusat,103494,1102,773,Tidak Tercapai,17
16/06/2021,Senen,Jakarta Pusat,93920,1099,1419,Tidak Tercapai,167
16/06/2021,Setia Budi,Jakarta Selatan,86331,1019,2063,Tercapai,6
16/06/2021,Cempaka Putih,Jakarta Pusat,74156,893,675,Tidak Tercapai,13
16/06/2021,Gambir,Jakarta Pusat,74839,879,2063,Tercapai,138
16/06/2021,Menteng,Jakarta Pusat,67585,770,2508,Tercapai,14
16/06/2021,Kep. Seribu Utara,Kepulauan Seribu,11451,122,67,Tercapai,1
16/06/2021,Kep. Seribu Selatan,Kepulauan Seribu,8039,82,74,Tercapai,0
17/06/2021,Cakung,Jakarta Timur,393257,5333,2331,Tidak Tercapai,9
17/06/2021,Cengkareng,Jakarta Barat,400577,5041,3965,Tidak Tercapai,15
17/06/2021,Kali Deres,Jakarta Barat,310580,4295,2880,Tidak Tercapai,23
17/06/2021,Cilincing,Jakarta Utara,297146,4073,2335,Tidak Tercapai,3
17/06/2021,Duren Sawit,Jakarta Timur,316352,4006,1650,Tidak Tercapai,38
17/06/2021,Tanjung Priok,Jakarta Utara,298459,3728,5302,Tercapai,50
17/06/2021,Jagakarsa,Jakarta Selatan,251984,3291,1565,Tidak Tercapai,5
17/06/2021,Kebon Jeruk,Jakarta Barat,257954,3285,3312,Tercapai,32
17/06/2021,Koja,Jakarta Utara,239255,3253,1432,Tidak Tercapai,11
17/06/2021,Kebayoran Lama,Jakarta Selatan,236795,3018,1454,Tidak Tercapai,55
17/06/2021,Jatinegara,Jakarta Timur,235252,3010,2073,Tidak Tercapai,21
17/06/2021,Kramat Jati,Jakarta Timur,222733,2939,1106,Tidak Tercapai,188
17/06/2021,Pasar Minggu,Jakarta Selatan,235775,2937,1617,Tidak Tercapai,42
17/06/2021,Penjaringan,Jakarta Utara,231336,2860,3189,Tercapai,13
17/06/2021,Ciracas,Jakarta Timur,221198,2800,945,Tidak Tercapai,15
17/06/2021,Pulo Gadung,Jakarta Timur,225123,2779,1214,Tidak Tercapai,31
17/06/2021,Kembangan,Jakarta Barat,214043,2686,3093,Tercapai,10
17/06/2021,Cipayung,Jakarta Timur,201654,2658,1912,Tidak Tercapai,146
17/06/2021,Tambora,Jakarta Barat,200360,2565,1310,Tidak Tercapai,26
17/06/2021,Pesanggrahan,Jakarta Selatan,185969,2378,1397,Tidak Tercapai,21
17/06/2021,Kemayoran,Jakarta Pusat,188682,2364,3229,Tercapai,15
17/06/2021,Tebet,Jakarta Selatan,176385,2177,1756,Tidak Tercapai,31
17/06/2021,Grogol Petamburan,Jakarta Barat,178891,2095,2849,Tercapai,34
17/06/2021,Palmerah,Jakarta Barat,166705,2077,3049,Tercapai,476
17/06/2021,Pasar Rebo,Jakarta Timur,164381,2071,1079,Tidak Tercapai,64
17/06/2021,Cilandak,Jakarta Selatan,163026,2047,2794,Tercapai,45
17/06/2021,Makasar,Jakarta Timur,158891,1927,1378,Tidak Tercapai,1337
17/06/2021,Matraman,Jakarta Timur,139214,1745,1231,Tidak Tercapai,51
17/06/2021,Tanah Abang,Jakarta Pusat,130291,1647,4878,Tercapai,12
17/06/2021,Pancoran,Jakarta Selatan,126184,1612,3252,Tercapai,16
17/06/2021,Pademangan,Jakarta Utara,121625,1492,1476,Tidak Tercapai,10
17/06/2021,Mampang Prapatan,Jakarta Selatan,114768,1483,996,Tidak Tercapai,17
17/06/2021,Kebayoran Baru,Jakarta Selatan,116091,1342,5543,Tercapai,268
17/06/2021,Taman Sari,Jakarta Barat,98165,1149,3216,Tercapai,1
17/06/2021,Sawah Besar,Jakarta Pusat,100082,1120,1567,Tercapai,37
17/06/2021,Kelapa Gading,Jakarta Utara,108121,1114,2585,Tercapai,20
17/06/2021,Johar Baru,Jakarta Pusat,103494,1102,871,Tidak Tercapai,12
17/06/2021,Senen,Jakarta Pusat,93920,1099,1932,Tercapai,281
17/06/2021,Setia Budi,Jakarta Selatan,86331,1019,2075,Tercapai,21
17/06/2021,Cempaka Putih,Jakarta Pusat,74156,893,683,Tidak Tercapai,0
17/06/2021,Gambir,Jakarta Pusat,74839,879,1272,Tercapai,103
17/06/2021,Menteng,Jakarta Pusat,67585,770,1591,Tercapai,19
17/06/2021,Kep. Seribu Utara,Kepulauan Seribu,11451,122,113,Tidak Tercapai,12
17/06/2021,Kep. Seribu Selatan,Kepulauan Seribu,8039,82,153,Tercapai,0
18/06/2021,Cakung,Jakarta Timur,393257,5333,2961,Tidak Tercapai,52
18/06/2021,Cengkareng,Jakarta Barat,400577,5041,3884,Tidak Tercapai,0
18/06/2021,Kali Deres,Jakarta Barat,310580,4295,3405,Tidak Tercapai,39
18/06/2021,Cilincing,Jakarta Utara,297146,4073,3876,Tidak Tercapai,23
18/06/2021,Duren Sawit,Jakarta Timur,316352,4006,1927,Tidak Tercapai,92
18/06/2021,Tanjung Priok,Jakarta Utara,298459,3728,5123,Tercapai,72
18/06/2021,Jagakarsa,Jakarta Selatan,251984,3291,2339,Tidak Tercapai,44
18/06/2021,Kebon Jeruk,Jakarta Barat,257954,3285,3949,Tercapai,22
18/06/2021,Koja,Jakarta Utara,239255,3253,1661,Tidak Tercapai,7
18/06/2021,Kebayoran Lama,Jakarta Selatan,236795,3018,2013,Tidak Tercapai,110
18/06/2021,Jatinegara,Jakarta Timur,235252,3010,1946,Tidak Tercapai,33
18/06/2021,Kramat Jati,Jakarta Timur,222733,2939,1157,Tidak Tercapai,253
18/06/2021,Pasar Minggu,Jakarta Selatan,235775,2937,2174,Tidak Tercapai,68
18/06/2021,Penjaringan,Jakarta Utara,231336,2860,4701,Tercapai,8
18/06/2021,Ciracas,Jakarta Timur,221198,2800,1618,Tidak Tercapai,24
18/06/2021,Pulo Gadung,Jakarta Timur,225123,2779,1355,Tidak Tercapai,47
18/06/2021,Kembangan,Jakarta Barat,214043,2686,3621,Tercapai,34
18/06/2021,Cipayung,Jakarta Timur,201654,2658,1967,Tidak Tercapai,737
18/06/2021,Tambora,Jakarta Barat,200360,2565,1954,Tidak Tercapai,28
18/06/2021,Pesanggrahan,Jakarta Selatan,185969,2378,1674,Tidak Tercapai,24
18/06/2021,Kemayoran,Jakarta Pusat,188682,2364,4363,Tercapai,23
18/06/2021,Tebet,Jakarta Selatan,176385,2177,2341,Tercapai,39
18/06/2021,Grogol Petamburan,Jakarta Barat,178891,2095,4070,Tercapai,35
18/06/2021,Palmerah,Jakarta Barat,166705,2077,3447,Tercapai,47
18/06/2021,Pasar Rebo,Jakarta Timur,164381,2071,1631,Tidak Tercapai,47
18/06/2021,Cilandak,Jakarta Selatan,163026,2047,3914,Tercapai,34
18/06/2021,Makasar,Jakarta Timur,158891,1927,1465,Tidak Tercapai,134
18/06/2021,Matraman,Jakarta Timur,139214,1745,1259,Tidak Tercapai,83
18/06/2021,Tanah Abang,Jakarta Pusat,130291,1647,3025,Tercapai,12
18/06/2021,Pancoran,Jakarta Selatan,126184,1612,4224,Tercapai,14
18/06/2021,Pademangan,Jakarta Utara,121625,1492,1659,Tercapai,23
18/06/2021,Mampang Prapatan,Jakarta Selatan,114768,1483,1202,Tidak Tercapai,17
18/06/2021,Kebayoran Baru,Jakarta Selatan,116091,1342,5538,Tercapai,493
18/06/2021,Taman Sari,Jakarta Barat,98165,1149,3096,Tercapai,1
18/06/2021,Sawah Besar,Jakarta Pusat,100082,1120,1719,Tercapai,32
18/06/2021,Kelapa Gading,Jakarta Utara,108121,1114,3660,Tercapai,61
18/06/2021,Johar Baru,Jakarta Pusat,103494,1102,1376,Tercapai,16
18/06/2021,Senen,Jakarta Pusat,93920,1099,1949,Tercapai,113
18/06/2021,Setia Budi,Jakarta Selatan,86331,1019,2447,Tercapai,27
18/06/2021,Cempaka Putih,Jakarta Pusat,74156,893,706,Tidak Tercapai,16
18/06/2021,Gambir,Jakarta Pusat,74839,879,1199,Tercapai,113
18/06/2021,Menteng,Jakarta Pusat,67585,770,1991,Tercapai,24
18/06/2021,Kep. Seribu Utara,Kepulauan Seribu,11451,122,172,Tercapai,21
18/06/2021,Kep. Seribu Selatan,Kepulauan Seribu,8039,82,419,Tercapai,36
19/06/2021,Cakung,Jakarta Timur,393257,5333,351,Tidak Tercapai,0
19/06/2021,Cengkareng,Jakarta Barat,400577,5041,2405,Tidak Tercapai,0
19/06/2021,Kali Deres,Jakarta Barat,310580,4295,1192,Tidak Tercapai,0
19/06/2021,Cilincing,Jakarta Utara,297146,4073,402,Tidak Tercapai,1
19/06/2021,Duren Sawit,Jakarta Timur,316352,4006,1049,Tidak Tercapai,2
19/06/2021,Tanjung Priok,Jakarta Utara,298459,3728,1919,Tidak Tercapai,2
19/06/2021,Jagakarsa,Jakarta Selatan,251984,3291,100,Tidak Tercapai,8
19/06/2021,Kebon Jeruk,Jakarta Barat,257954,3285,564,Tidak Tercapai,1
19/06/2021,Koja,Jakarta Utara,239255,3253,909,Tidak Tercapai,13
19/06/2021,Kebayoran Lama,Jakarta Selatan,236795,3018,306,Tidak Tercapai,2
19/06/2021,Jatinegara,Jakarta Timur,235252,3010,1259,Tidak Tercapai,24
19/06/2021,Kramat Jati,Jakarta Timur,222733,2939,138,Tidak Tercapai,0
19/06/2021,Pasar Minggu,Jakarta Selatan,235775,2937,173,Tidak Tercapai,33
19/06/2021,Penjaringan,Jakarta Utara,231336,2860,2632,Tidak Tercapai,1
19/06/2021,Ciracas,Jakarta Timur,221198,2800,698,Tidak Tercapai,4
19/06/2021,Pulo Gadung,Jakarta Timur,225123,2779,1079,Tidak Tercapai,1
19/06/2021,Kembangan,Jakarta Barat,214043,2686,556,Tidak Tercapai,2
19/06/2021,Cipayung,Jakarta Timur,201654,2658,1387,Tidak Tercapai,5
19/06/2021,Tambora,Jakarta Barat,200360,2565,481,Tidak Tercapai,12
19/06/2021,Pesanggrahan,Jakarta Selatan,185969,2378,567,Tidak Tercapai,1
19/06/2021,Kemayoran,Jakarta Pusat,188682,2364,1861,Tidak Tercapai,1
19/06/2021,Tebet,Jakarta Selatan,176385,2177,139,Tidak Tercapai,0
19/06/2021,Grogol Petamburan,Jakarta Barat,178891,2095,1428,Tidak Tercapai,15
19/06/2021,Palmerah,Jakarta Barat,166705,2077,853,Tidak Tercapai,7
19/06/2021,Pasar Rebo,Jakarta Timur,164381,2071,1245,Tidak Tercapai,4
19/06/2021,Cilandak,Jakarta Selatan,163026,2047,1560,Tidak Tercapai,5
19/06/2021,Makasar,Jakarta Timur,158891,1927,606,Tidak Tercapai,13
19/06/2021,Matraman,Jakarta Timur,139214,1745,1156,Tidak Tercapai,2
19/06/2021,Tanah Abang,Jakarta Pusat,130291,1647,831,Tidak Tercapai,3
19/06/2021,Pancoran,Jakarta Selatan,126184,1612,3669,Tercapai,1
19/06/2021,Pademangan,Jakarta Utara,121625,1492,466,Tidak Tercapai,3
19/06/2021,Mampang Prapatan,Jakarta Selatan,114768,1483,51,Tidak Tercapai,8
19/06/2021,Kebayoran Baru,Jakarta Selatan,116091,1342,2739,Tercapai,67
19/06/2021,Taman Sari,Jakarta Barat,98165,1149,347,Tidak Tercapai,5
19/06/2021,Sawah Besar,Jakarta Pusat,100082,1120,155,Tidak Tercapai,1
19/06/2021,Kelapa Gading,Jakarta Utara,108121,1114,1256,Tercapai,30
19/06/2021,Johar Baru,Jakarta Pusat,103494,1102,725,Tidak Tercapai,0
19/06/2021,Senen,Jakarta Pusat,93920,1099,496,Tidak Tercapai,3
19/06/2021,Setia Budi,Jakarta Selatan,86331,1019,226,Tidak Tercapai,0
19/06/2021,Cempaka Putih,Jakarta Pusat,74156,893,490,Tidak Tercapai,0
19/06/2021,Gambir,Jakarta Pusat,74839,879,528,Tidak Tercapai,42
19/06/2021,Menteng,Jakarta Pusat,67585,770,1009,Tercapai,0
19/06/2021,Kep. Seribu Utara,Kepulauan Seribu,11451,122,8,Tidak Tercapai,0
19/06/2021,Kep. Seribu Selatan,Kepulauan Seribu,8039,82,138,Tercapai,0
20/06/2021,Cakung,Jakarta Timur,393257,5333,137,Tidak Tercapai,1
20/06/2021,Cengkareng,Jakarta Barat,400577,5041,2318,Tidak Tercapai,0
20/06/2021,Kali Deres,Jakarta Barat,310580,4295,801,Tidak Tercapai,0
20/06/2021,Cilincing,Jakarta Utara,297146,4073,528,Tidak Tercapai,0
20/06/2021,Duren Sawit,Jakarta Timur,316352,4006,363,Tidak Tercapai,0
20/06/2021,Tanjung Priok,Jakarta Utara,298459,3728,22,Tidak Tercapai,4
20/06/2021,Jagakarsa,Jakarta Selatan,251984,3291,25,Tidak Tercapai,1
20/06/2021,Kebon Jeruk,Jakarta Barat,257954,3285,0,Tidak Tercapai,1
20/06/2021,Koja,Jakarta Utara,239255,3253,2,Tidak Tercapai,0
20/06/2021,Kebayoran Lama,Jakarta Selatan,236795,3018,204,Tidak Tercapai,0
20/06/2021,Jatinegara,Jakarta Timur,235252,3010,330,Tidak Tercapai,0
20/06/2021,Kramat Jati,Jakarta Timur,222733,2939,33,Tidak Tercapai,0
20/06/2021,Pasar Minggu,Jakarta Selatan,235775,2937,2,Tidak Tercapai,0
20/06/2021,Penjaringan,Jakarta Utara,231336,2860,793,Tidak Tercapai,1
20/06/2021,Ciracas,Jakarta Timur,221198,2800,473,Tidak Tercapai,4
20/06/2021,Pulo Gadung,Jakarta Timur,225123,2779,55,Tidak Tercapai,0
20/06/2021,Kembangan,Jakarta Barat,214043,2686,0,Tidak Tercapai,0
20/06/2021,Cipayung,Jakarta Timur,201654,2658,173,Tidak Tercapai,12
20/06/2021,Tambora,Jakarta Barat,200360,2565,337,Tidak Tercapai,1
20/06/2021,Pesanggrahan,Jakarta Selatan,185969,2378,88,Tidak Tercapai,0
20/06/2021,Kemayoran,Jakarta Pusat,188682,2364,167,Tidak Tercapai,1
20/06/2021,Tebet,Jakarta Selatan,176385,2177,0,Tidak Tercapai,0
20/06/2021,Grogol Petamburan,Jakarta Barat,178891,2095,1300,Tidak Tercapai,3
20/06/2021,Palmerah,Jakarta Barat,166705,2077,1713,Tidak Tercapai,0
20/06/2021,Pasar Rebo,Jakarta Timur,164381,2071,316,Tidak Tercapai,0
20/06/2021,Cilandak,Jakarta Selatan,163026,2047,1247,Tidak Tercapai,0
20/06/2021,Makasar,Jakarta Timur,158891,1927,682,Tidak Tercapai,1
20/06/2021,Matraman,Jakarta Timur,139214,1745,185,Tidak Tercapai,0
20/06/2021,Tanah Abang,Jakarta Pusat,130291,1647,0,Tidak Tercapai,0
20/06/2021,Pancoran,Jakarta Selatan,126184,1612,1,Tidak Tercapai,0
20/06/2021,Pademangan,Jakarta Utara,121625,1492,0,Tidak Tercapai,0
20/06/2021,Mampang Prapatan,Jakarta Selatan,114768,1483,0,Tidak Tercapai,3
20/06/2021,Kebayoran Baru,Jakarta Selatan,116091,1342,1294,Tidak Tercapai,7
20/06/2021,Taman Sari,Jakarta Barat,98165,1149,0,Tidak Tercapai,1
20/06/2021,Sawah Besar,Jakarta Pusat,100082,1120,0,Tidak Tercapai,0
20/06/2021,Kelapa Gading,Jakarta Utara,108121,1114,110,Tidak Tercapai,1
20/06/2021,Johar Baru,Jakarta Pusat,103494,1102,0,Tidak Tercapai,0
20/06/2021,Senen,Jakarta Pusat,93920,1099,484,Tidak Tercapai,3
20/06/2021,Setia Budi,Jakarta Selatan,86331,1019,0,Tidak Tercapai,0
20/06/2021,Cempaka Putih,Jakarta Pusat,74156,893,0,Tidak Tercapai,0
20/06/2021,Gambir,Jakarta Pusat,74839,879,110,Tidak Tercapai,31
20/06/2021,Menteng,Jakarta Pusat,67585,770,0,Tidak Tercapai,0
20/06/2021,Kep. Seribu Utara,Kepulauan Seribu,11451,122,176,Tercapai,5
20/06/2021,Kep. Seribu Selatan,Kepulauan Seribu,8039,82,232,Tercapai,9
21/06/2021,Cakung,Jakarta Timur,393257,5333,4002,Tidak Tercapai,15
21/06/2021,Cengkareng,Jakarta Barat,400577,5041,3075,Tidak Tercapai,0
21/06/2021,Kali Deres,Jakarta Barat,310580,4295,3112,Tidak Tercapai,4
21/06/2021,Cilincing,Jakarta Utara,297146,4073,2464,Tidak Tercapai,1
21/06/2021,Duren Sawit,Jakarta Timur,316352,4006,2311,Tidak Tercapai,67
21/06/2021,Tanjung Priok,Jakarta Utara,298459,3728,5031,Tercapai,108
21/06/2021,Jagakarsa,Jakarta Selatan,251984,3291,2436,Tidak Tercapai,22
21/06/2021,Kebon Jeruk,Jakarta Barat,257954,3285,3341,Tercapai,62
21/06/2021,Koja,Jakarta Utara,239255,3253,2514,Tidak Tercapai,12
21/06/2021,Kebayoran Lama,Jakarta Selatan,236795,3018,1800,Tidak Tercapai,40
21/06/2021,Jatinegara,Jakarta Timur,235252,3010,2107,Tidak Tercapai,25
21/06/2021,Kramat Jati,Jakarta Timur,222733,2939,2333,Tidak Tercapai,222
21/06/2021,Pasar Minggu,Jakarta Selatan,235775,2937,2105,Tidak Tercapai,61
21/06/2021,Penjaringan,Jakarta Utara,231336,2860,4264,Tercapai,1
21/06/2021,Ciracas,Jakarta Timur,221198,2800,1583,Tidak Tercapai,20
21/06/2021,Pulo Gadung,Jakarta Timur,225123,2779,2216,Tidak Tercapai,70
21/06/2021,Kembangan,Jakarta Barat,214043,2686,1662,Tidak Tercapai,20
21/06/2021,Cipayung,Jakarta Timur,201654,2658,1675,Tidak Tercapai,112
21/06/2021,Tambora,Jakarta Barat,200360,2565,1937,Tidak Tercapai,27
21/06/2021,Pesanggrahan,Jakarta Selatan,185969,2378,2686,Tercapai,46
21/06/2021,Kemayoran,Jakarta Pusat,188682,2364,4894,Tercapai,8
21/06/2021,Tebet,Jakarta Selatan,176385,2177,3024,Tercapai,18
21/06/2021,Grogol Petamburan,Jakarta Barat,178891,2095,3545,Tercapai,23
21/06/2021,Palmerah,Jakarta Barat,166705,2077,3306,Tercapai,32
21/06/2021,Pasar Rebo,Jakarta Timur,164381,2071,2387,Tercapai,49
21/06/2021,Cilandak,Jakarta Selatan,163026,2047,3609,Tercapai,11
21/06/2021,Makasar,Jakarta Timur,158891,1927,1827,Tidak Tercapai,201
21/06/2021,Matraman,Jakarta Timur,139214,1745,1633,Tidak Tercapai,38
21/06/2021,Tanah Abang,Jakarta Pusat,130291,1647,1698,Tercapai,22
21/06/2021,Pancoran,Jakarta Selatan,126184,1612,4938,Tercapai,9
21/06/2021,Pademangan,Jakarta Utara,121625,1492,1757,Tercapai,12
21/06/2021,Mampang Prapatan,Jakarta Selatan,114768,1483,1239,Tidak Tercapai,14
21/06/2021,Kebayoran Baru,Jakarta Selatan,116091,1342,5594,Tercapai,287
21/06/2021,Taman Sari,Jakarta Barat,98165,1149,1037,Tidak Tercapai,0
21/06/2021,Sawah Besar,Jakarta Pusat,100082,1120,1797,Tercapai,47
21/06/2021,Kelapa Gading,Jakarta Utara,108121,1114,3496,Tercapai,24
21/06/2021,Johar Baru,Jakarta Pusat,103494,1102,1412,Tercapai,9
21/06/2021,Senen,Jakarta Pusat,93920,1099,2018,Tercapai,127
21/06/2021,Setia Budi,Jakarta Selatan,86331,1019,2518,Tercapai,13
21/06/2021,Cempaka Putih,Jakarta Pusat,74156,893,789,Tidak Tercapai,8
21/06/2021,Gambir,Jakarta Pusat,74839,879,1603,Tercapai,128
21/06/2021,Menteng,Jakarta Pusat,67585,770,2320,Tercapai,31
21/06/2021,Kep. Seribu Utara,Kepulauan Seribu,11451,122,340,Tercapai,15
21/06/2021,Kep. Seribu Selatan,Kepulauan Seribu,8039,82,348,Tercapai,2
22/06/2021,Cakung,Jakarta Timur,393257,5333,1011,Tidak Tercapai,74
22/06/2021,Cengkareng,Jakarta Barat,400577,5041,1814,Tidak Tercapai,24
22/06/2021,Kali Deres,Jakarta Barat,310580,4295,2946,Tidak Tercapai,3
22/06/2021,Cilincing,Jakarta Utara,297146,4073,851,Tidak Tercapai,20
22/06/2021,Duren Sawit,Jakarta Timur,316352,4006,934,Tidak Tercapai,34
22/06/2021,Tanjung Priok,Jakarta Utara,298459,3728,3245,Tidak Tercapai,43
22/06/2021,Jagakarsa,Jakarta Selatan,251984,3291,1516,Tidak Tercapai,32
22/06/2021,Kebon Jeruk,Jakarta Barat,257954,3285,1937,Tidak Tercapai,59
22/06/2021,Koja,Jakarta Utara,239255,3253,1111,Tidak Tercapai,25
22/06/2021,Kebayoran Lama,Jakarta Selatan,236795,3018,2263,Tidak Tercapai,145
22/06/2021,Jatinegara,Jakarta Timur,235252,3010,1070,Tidak Tercapai,55
22/06/2021,Kramat Jati,Jakarta Timur,222733,2939,737,Tidak Tercapai,215
22/06/2021,Pasar Minggu,Jakarta Selatan,235775,2937,2942,Tercapai,63
22/06/2021,Penjaringan,Jakarta Utara,231336,2860,2994,Tercapai,23
22/06/2021,Ciracas,Jakarta Timur,221198,2800,665,Tidak Tercapai,45
22/06/2021,Pulo Gadung,Jakarta Timur,225123,2779,1264,Tidak Tercapai,75
22/06/2021,Kembangan,Jakarta Barat,214043,2686,1129,Tidak Tercapai,8
22/06/2021,Cipayung,Jakarta Timur,201654,2658,1373,Tidak Tercapai,100
22/06/2021,Tambora,Jakarta Barat,200360,2565,1141,Tidak Tercapai,30
22/06/2021,Pesanggrahan,Jakarta Selatan,185969,2378,954,Tidak Tercapai,27
22/06/2021,Kemayoran,Jakarta Pusat,188682,2364,2858,Tercapai,77
22/06/2021,Tebet,Jakarta Selatan,176385,2177,2648,Tercapai,29
22/06/2021,Grogol Petamburan,Jakarta Barat,178891,2095,2666,Tercapai,28
22/06/2021,Palmerah,Jakarta Barat,166705,2077,1854,Tidak Tercapai,55
22/06/2021,Pasar Rebo,Jakarta Timur,164381,2071,815,Tidak Tercapai,55
22/06/2021,Cilandak,Jakarta Selatan,163026,2047,2754,Tercapai,14
22/06/2021,Makasar,Jakarta Timur,158891,1927,1427,Tidak Tercapai,114
22/06/2021,Matraman,Jakarta Timur,139214,1745,965,Tidak Tercapai,32
22/06/2021,Tanah Abang,Jakarta Pusat,130291,1647,1066,Tidak Tercapai,6
22/06/2021,Pancoran,Jakarta Selatan,126184,1612,3732,Tercapai,21
22/06/2021,Pademangan,Jakarta Utara,121625,1492,721,Tidak Tercapai,19
22/06/2021,Mampang Prapatan,Jakarta Selatan,114768,1483,1435,Tidak Tercapai,22
22/06/2021,Kebayoran Baru,Jakarta Selatan,116091,1342,5847,Tercapai,344
22/06/2021,Taman Sari,Jakarta Barat,98165,1149,735,Tidak Tercapai,2
22/06/2021,Sawah Besar,Jakarta Pusat,100082,1120,1158,Tercapai,16
22/06/2021,Kelapa Gading,Jakarta Utara,108121,1114,2068,Tercapai,45
22/06/2021,Johar Baru,Jakarta Pusat,103494,1102,1271,Tercapai,13
22/06/2021,Senen,Jakarta Pusat,93920,1099,1640,Tercapai,84
22/06/2021,Setia Budi,Jakarta Selatan,86331,1019,2762,Tercapai,22
22/06/2021,Cempaka Putih,Jakarta Pusat,74156,893,606,Tidak Tercapai,4
22/06/2021,Gambir,Jakarta Pusat,74839,879,1174,Tercapai,216
22/06/2021,Menteng,Jakarta Pusat,67585,770,1894,Tercapai,43
22/06/2021,Kep. Seribu Utara,Kepulauan Seribu,11451,122,802,Tercapai,43
22/06/2021,Kep. Seribu Selatan,Kepulauan Seribu,8039,82,376,Tercapai,36
23/06/2021,Cakung,Jakarta Timur,393257,5333,3461,Tidak Tercapai,28
23/06/2021,Cengkareng,Jakarta Barat,400577,5041,5686,Tercapai,9
23/06/2021,Kali Deres,Jakarta Barat,310580,4295,3616,Tidak Tercapai,4
23/06/2021,Cilincing,Jakarta Utara,297146,4073,5691,Tercapai,2
23/06/2021,Duren Sawit,Jakarta Timur,316352,4006,4618,Tercapai,20
23/06/2021,Tanjung Priok,Jakarta Utara,298459,3728,7475,Tercapai,64
23/06/2021,Jagakarsa,Jakarta Selatan,251984,3291,4073,Tercapai,26
23/06/2021,Kebon Jeruk,Jakarta Barat,257954,3285,4794,Tercapai,21
23/06/2021,Koja,Jakarta Utara,239255,3253,3307,Tercapai,10
23/06/2021,Kebayoran Lama,Jakarta Selatan,236795,3018,1810,Tidak Tercapai,33
23/06/2021,Jatinegara,Jakarta Timur,235252,3010,3034,Tercapai,16
23/06/2021,Kramat Jati,Jakarta Timur,222733,2939,2557,Tidak Tercapai,53
23/06/2021,Pasar Minggu,Jakarta Selatan,235775,2937,3633,Tercapai,37
23/06/2021,Penjaringan,Jakarta Utara,231336,2860,6260,Tercapai,32
23/06/2021,Ciracas,Jakarta Timur,221198,2800,2680,Tidak Tercapai,11
23/06/2021,Pulo Gadung,Jakarta Timur,225123,2779,4571,Tercapai,11
23/06/2021,Kembangan,Jakarta Barat,214043,2686,3212,Tercapai,7
23/06/2021,Cipayung,Jakarta Timur,201654,2658,3477,Tercapai,861
23/06/2021,Tambora,Jakarta Barat,200360,2565,3565,Tercapai,18
23/06/2021,Pesanggrahan,Jakarta Selatan,185969,2378,2528,Tercapai,13
23/06/2021,Kemayoran,Jakarta Pusat,188682,2364,6604,Tercapai,13
23/06/2021,Tebet,Jakarta Selatan,176385,2177,3192,Tercapai,35
23/06/2021,Grogol Petamburan,Jakarta Barat,178891,2095,4860,Tercapai,29
23/06/2021,Palmerah,Jakarta Barat,166705,2077,4083,Tercapai,42
23/06/2021,Pasar Rebo,Jakarta Timur,164381,2071,3072,Tercapai,23
23/06/2021,Cilandak,Jakarta Selatan,163026,2047,4858,Tercapai,5
23/06/2021,Makasar,Jakarta Timur,158891,1927,3627,Tercapai,313
23/06/2021,Matraman,Jakarta Timur,139214,1745,2160,Tercapai,13
23/06/2021,Tanah Abang,Jakarta Pusat,130291,1647,2447,Tercapai,46
23/06/2021,Pancoran,Jakarta Selatan,126184,1612,5930,Tercapai,18
23/06/2021,Pademangan,Jakarta Utara,121625,1492,3213,Tercapai,17
23/06/2021,Mampang Prapatan,Jakarta Selatan,114768,1483,1237,Tidak Tercapai,5
23/06/2021,Kebayoran Baru,Jakarta Selatan,116091,1342,6855,Tercapai,284
23/06/2021,Taman Sari,Jakarta Barat,98165,1149,1681,Tercapai,4
23/06/2021,Sawah Besar,Jakarta Pusat,100082,1120,2207,Tercapai,13
23/06/2021,Kelapa Gading,Jakarta Utara,108121,1114,4708,Tercapai,4
23/06/2021,Johar Baru,Jakarta Pusat,103494,1102,1419,Tercapai,4
23/06/2021,Senen,Jakarta Pusat,93920,1099,1992,Tercapai,38
23/06/2021,Setia Budi,Jakarta Selatan,86331,1019,3268,Tercapai,19
23/06/2021,Cempaka Putih,Jakarta Pusat,74156,893,870,Tidak Tercapai,42
23/06/2021,Gambir,Jakarta Pusat,74839,879,2257,Tercapai,164
23/06/2021,Menteng,Jakarta Pusat,67585,770,4088,Tercapai,12
23/06/2021,Kep. Seribu Utara,Kepulauan Seribu,11451,122,1435,Tercapai,24
23/06/2021,Kep. Seribu Selatan,Kepulauan Seribu,8039,82,371,Tercapai,25
24/06/2021,Cakung,Jakarta Timur,393257,5333,2517,Tidak Tercapai,19
24/06/2021,Cengkareng,Jakarta Barat,400577,5041,3770,Tidak Tercapai,19
24/06/2021,Kali Deres,Jakarta Barat,310580,4295,3972,Tidak Tercapai,26
24/06/2021,Cilincing,Jakarta Utara,297146,4073,3020,Tidak Tercapai,15
24/06/2021,Duren Sawit,Jakarta Timur,316352,4006,3169,Tidak Tercapai,582
24/06/2021,Tanjung Priok,Jakarta Utara,298459,3728,4713,Tercapai,22
24/06/2021,Jagakarsa,Jakarta Selatan,251984,3291,3082,Tidak Tercapai,105
24/06/2021,Kebon Jeruk,Jakarta Barat,257954,3285,4170,Tercapai,86
24/06/2021,Koja,Jakarta Utara,239255,3253,1549,Tidak Tercapai,42
24/06/2021,Kebayoran Lama,Jakarta Selatan,236795,3018,1992,Tidak Tercapai,18
24/06/2021,Jatinegara,Jakarta Timur,235252,3010,2292,Tidak Tercapai,37
24/06/2021,Kramat Jati,Jakarta Timur,222733,2939,1676,Tidak Tercapai,46
24/06/2021,Pasar Minggu,Jakarta Selatan,235775,2937,3811,Tercapai,242
24/06/2021,Penjaringan,Jakarta Utara,231336,2860,5834,Tercapai,11
24/06/2021,Ciracas,Jakarta Timur,221198,2800,1760,Tidak Tercapai,50
24/06/2021,Pulo Gadung,Jakarta Timur,225123,2779,3279,Tercapai,126
24/06/2021,Kembangan,Jakarta Barat,214043,2686,2177,Tidak Tercapai,20
24/06/2021,Cipayung,Jakarta Timur,201654,2658,2620,Tidak Tercapai,158
24/06/2021,Tambora,Jakarta Barat,200360,2565,2236,Tidak Tercapai,18
24/06/2021,Pesanggrahan,Jakarta Selatan,185969,2378,2650,Tercapai,27
24/06/2021,Kemayoran,Jakarta Pusat,188682,2364,5297,Tercapai,1
24/06/2021,Tebet,Jakarta Selatan,176385,2177,2395,Tercapai,14
24/06/2021,Grogol Petamburan,Jakarta Barat,178891,2095,3584,Tercapai,21
24/06/2021,Palmerah,Jakarta Barat,166705,2077,2221,Tercapai,3
24/06/2021,Pasar Rebo,Jakarta Timur,164381,2071,2320,Tercapai,18
24/06/2021,Cilandak,Jakarta Selatan,163026,2047,4118,Tercapai,21
24/06/2021,Makasar,Jakarta Timur,158891,1927,2681,Tercapai,29
24/06/2021,Matraman,Jakarta Timur,139214,1745,2144,Tercapai,8
24/06/2021,Tanah Abang,Jakarta Pusat,130291,1647,2965,Tercapai,188
24/06/2021,Pancoran,Jakarta Selatan,126184,1612,5683,Tercapai,57
24/06/2021,Pademangan,Jakarta Utara,121625,1492,2176,Tercapai,14
24/06/2021,Mampang Prapatan,Jakarta Selatan,114768,1483,1141,Tidak Tercapai,34
24/06/2021,Kebayoran Baru,Jakarta Selatan,116091,1342,9679,Tercapai,34
24/06/2021,Taman Sari,Jakarta Barat,98165,1149,1300,Tercapai,20
24/06/2021,Sawah Besar,Jakarta Pusat,100082,1120,2345,Tercapai,21
24/06/2021,Kelapa Gading,Jakarta Utara,108121,1114,3617,Tercapai,62
24/06/2021,Johar Baru,Jakarta Pusat,103494,1102,1462,Tercapai,13
24/06/2021,Senen,Jakarta Pusat,93920,1099,1360,Tercapai,15
24/06/2021,Setia Budi,Jakarta Selatan,86331,1019,3360,Tercapai,38
24/06/2021,Cempaka Putih,Jakarta Pusat,74156,893,848,Tidak Tercapai,28
24/06/2021,Gambir,Jakarta Pusat,74839,879,2497,Tercapai,126
24/06/2021,Menteng,Jakarta Pusat,67585,770,2875,Tercapai,4
24/06/2021,Kep. Seribu Utara,Kepulauan Seribu,11451,122,235,Tercapai,11
24/06/2021,Kep. Seribu Selatan,Kepulauan Seribu,8039,82,251,Tercapai,6
25/06/2021,Cakung,Jakarta Timur,393257,5333,3113,Tidak Tercapai,53
25/06/2021,Cengkareng,Jakarta Barat,400577,5041,3055,Tidak Tercapai,9
25/06/2021,Kali Deres,Jakarta Barat,310580,4295,4526,Tercapai,14
25/06/2021,Cilincing,Jakarta Utara,297146,4073,3520,Tidak Tercapai,43
25/06/2021,Duren Sawit,Jakarta Timur,316352,4006,2310,Tidak Tercapai,49
25/06/2021,Tanjung Priok,Jakarta Utara,298459,3728,5283,Tercapai,54
25/06/2021,Jagakarsa,Jakarta Selatan,251984,3291,2824,Tidak Tercapai,46
25/06/2021,Kebon Jeruk,Jakarta Barat,257954,3285,4598,Tercapai,29
25/06/2021,Koja,Jakarta Utara,239255,3253,2722,Tidak Tercapai,56
25/06/2021,Kebayoran Lama,Jakarta Selatan,236795,3018,2037,Tidak Tercapai,27
25/06/2021,Jatinegara,Jakarta Timur,235252,3010,2143,Tidak Tercapai,45
25/06/2021,Kramat Jati,Jakarta Timur,222733,2939,2030,Tidak Tercapai,124
25/06/2021,Pasar Minggu,Jakarta Selatan,235775,2937,3020,Tercapai,66
25/06/2021,Penjaringan,Jakarta Utara,231336,2860,6244,Tercapai,7
25/06/2021,Ciracas,Jakarta Timur,221198,2800,2143,Tidak Tercapai,12
25/06/2021,Pulo Gadung,Jakarta Timur,225123,2779,3251,Tercapai,84
25/06/2021,Kembangan,Jakarta Barat,214043,2686,2161,Tidak Tercapai,33
25/06/2021,Cipayung,Jakarta Timur,201654,2658,3039,Tercapai,226
25/06/2021,Tambora,Jakarta Barat,200360,2565,2713,Tercapai,18
25/06/2021,Pesanggrahan,Jakarta Selatan,185969,2378,2317,Tidak Tercapai,56
25/06/2021,Kemayoran,Jakarta Pusat,188682,2364,5841,Tercapai,8
25/06/2021,Tebet,Jakarta Selatan,176385,2177,2594,Tercapai,34
25/06/2021,Grogol Petamburan,Jakarta Barat,178891,2095,4161,Tercapai,87
25/06/2021,Palmerah,Jakarta Barat,166705,2077,2274,Tercapai,22
25/06/2021,Pasar Rebo,Jakarta Timur,164381,2071,2026,Tidak Tercapai,24
25/06/2021,Cilandak,Jakarta Selatan,163026,2047,4202,Tercapai,78
25/06/2021,Makasar,Jakarta Timur,158891,1927,2534,Tercapai,68
25/06/2021,Matraman,Jakarta Timur,139214,1745,2069,Tercapai,36
25/06/2021,Tanah Abang,Jakarta Pusat,130291,1647,2880,Tercapai,36
25/06/2021,Pancoran,Jakarta Selatan,126184,1612,4863,Tercapai,31
25/06/2021,Pademangan,Jakarta Utara,121625,1492,2569,Tercapai,4
25/06/2021,Mampang Prapatan,Jakarta Selatan,114768,1483,1169,Tidak Tercapai,7
25/06/2021,Kebayoran Baru,Jakarta Selatan,116091,1342,7222,Tercapai,241
25/06/2021,Taman Sari,Jakarta Barat,98165,1149,1428,Tercapai,3
25/06/2021,Sawah Besar,Jakarta Pusat,100082,1120,2654,Tercapai,38
25/06/2021,Kelapa Gading,Jakarta Utara,108121,1114,3815,Tercapai,41
25/06/2021,Johar Baru,Jakarta Pusat,103494,1102,2185,Tercapai,19
25/06/2021,Senen,Jakarta Pusat,93920,1099,1423,Tercapai,238
25/06/2021,Setia Budi,Jakarta Selatan,86331,1019,3318,Tercapai,10
25/06/2021,Cempaka Putih,Jakarta Pusat,74156,893,1183,Tercapai,37
25/06/2021,Gambir,Jakarta Pusat,74839,879,2260,Tercapai,104
25/06/2021,Menteng,Jakarta Pusat,67585,770,2985,Tercapai,17
25/06/2021,Kep. Seribu Utara,Kepulauan Seribu,11451,122,298,Tercapai,22
25/06/2021,Kep. Seribu Selatan,Kepulauan Seribu,8039,82,226,Tercapai,8
26/06/2021,Cakung,Jakarta Timur,393257,5333,565,Tidak Tercapai,1
26/06/2021,Cengkareng,Jakarta Barat,400577,5041,2051,Tidak Tercapai,4
26/06/2021,Kali Deres,Jakarta Barat,310580,4295,1331,Tidak Tercapai,9
26/06/2021,Cilincing,Jakarta Utara,297146,4073,1159,Tidak Tercapai,5
26/06/2021,Duren Sawit,Jakarta Timur,316352,4006,1091,Tidak Tercapai,11
26/06/2021,Tanjung Priok,Jakarta Utara,298459,3728,1511,Tidak Tercapai,32
26/06/2021,Jagakarsa,Jakarta Selatan,251984,3291,481,Tidak Tercapai,12
26/06/2021,Kebon Jeruk,Jakarta Barat,257954,3285,1054,Tidak Tercapai,1
26/06/2021,Koja,Jakarta Utara,239255,3253,2586,Tidak Tercapai,17
26/06/2021,Kebayoran Lama,Jakarta Selatan,236795,3018,1201,Tidak Tercapai,1
26/06/2021,Jatinegara,Jakarta Timur,235252,3010,1374,Tidak Tercapai,7
26/06/2021,Kramat Jati,Jakarta Timur,222733,2939,898,Tidak Tercapai,8
26/06/2021,Pasar Minggu,Jakarta Selatan,235775,2937,606,Tidak Tercapai,8
26/06/2021,Penjaringan,Jakarta Utara,231336,2860,3643,Tercapai,10
26/06/2021,Ciracas,Jakarta Timur,221198,2800,761,Tidak Tercapai,5
26/06/2021,Pulo Gadung,Jakarta Timur,225123,2779,436,Tidak Tercapai,2
26/06/2021,Kembangan,Jakarta Barat,214043,2686,106,Tidak Tercapai,0
26/06/2021,Cipayung,Jakarta Timur,201654,2658,700,Tidak Tercapai,11
26/06/2021,Tambora,Jakarta Barat,200360,2565,597,Tidak Tercapai,12
26/06/2021,Pesanggrahan,Jakarta Selatan,185969,2378,579,Tidak Tercapai,7
26/06/2021,Kemayoran,Jakarta Pusat,188682,2364,2481,Tercapai,3
26/06/2021,Tebet,Jakarta Selatan,176385,2177,699,Tidak Tercapai,0
26/06/2021,Grogol Petamburan,Jakarta Barat,178891,2095,2524,Tercapai,11
26/06/2021,Palmerah,Jakarta Barat,166705,2077,719,Tidak Tercapai,17
26/06/2021,Pasar Rebo,Jakarta Timur,164381,2071,1351,Tidak Tercapai,1
26/06/2021,Cilandak,Jakarta Selatan,163026,2047,1479,Tidak Tercapai,4
26/06/2021,Makasar,Jakarta Timur,158891,1927,1774,Tidak Tercapai,136
26/06/2021,Matraman,Jakarta Timur,139214,1745,769,Tidak Tercapai,3
26/06/2021,Tanah Abang,Jakarta Pusat,130291,1647,1633,Tidak Tercapai,4
26/06/2021,Pancoran,Jakarta Selatan,126184,1612,2782,Tercapai,0
26/06/2021,Pademangan,Jakarta Utara,121625,1492,1958,Tercapai,8
26/06/2021,Mampang Prapatan,Jakarta Selatan,114768,1483,541,Tidak Tercapai,20
26/06/2021,Kebayoran Baru,Jakarta Selatan,116091,1342,8250,Tercapai,294
26/06/2021,Taman Sari,Jakarta Barat,98165,1149,3,Tidak Tercapai,0
26/06/2021,Sawah Besar,Jakarta Pusat,100082,1120,175,Tidak Tercapai,2
26/06/2021,Kelapa Gading,Jakarta Utara,108121,1114,1421,Tercapai,13
26/06/2021,Johar Baru,Jakarta Pusat,103494,1102,761,Tidak Tercapai,2
26/06/2021,Senen,Jakarta Pusat,93920,1099,195,Tidak Tercapai,5
26/06/2021,Setia Budi,Jakarta Selatan,86331,1019,404,Tidak Tercapai,1
26/06/2021,Cempaka Putih,Jakarta Pusat,74156,893,176,Tidak Tercapai,1
26/06/2021,Gambir,Jakarta Pusat,74839,879,1713,Tercapai,42
26/06/2021,Menteng,Jakarta Pusat,67585,770,2275,Tercapai,1
26/06/2021,Kep. Seribu Utara,Kepulauan Seribu,11451,122,55,Tidak Tercapai,3
26/06/2021,Kep. Seribu Selatan,Kepulauan Seribu,8039,82,58,Tidak Tercapai,8
27/06/2021,Cakung,Jakarta Timur,393257,5333,1439,Tidak Tercapai,0
27/06/2021,Cengkareng,Jakarta Barat,400577,5041,786,Tidak Tercapai,2
27/06/2021,Kali Deres,Jakarta Barat,310580,4295,1590,Tidak Tercapai,1
27/06/2021,Cilincing,Jakarta Utara,297146,4073,710,Tidak Tercapai,0
27/06/2021,Duren Sawit,Jakarta Timur,316352,4006,1,Tidak Tercapai,0
27/06/2021,Tanjung Priok,Jakarta Utara,298459,3728,0,Tidak Tercapai,12
27/06/2021,Jagakarsa,Jakarta Selatan,251984,3291,0,Tidak Tercapai,0
27/06/2021,Kebon Jeruk,Jakarta Barat,257954,3285,0,Tidak Tercapai,0
27/06/2021,Koja,Jakarta Utara,239255,3253,146,Tidak Tercapai,0
27/06/2021,Kebayoran Lama,Jakarta Selatan,236795,3018,869,Tidak Tercapai,2
27/06/2021,Jatinegara,Jakarta Timur,235252,3010,27,Tidak Tercapai,1
27/06/2021,Kramat Jati,Jakarta Timur,222733,2939,892,Tidak Tercapai,1
27/06/2021,Pasar Minggu,Jakarta Selatan,235775,2937,151,Tidak Tercapai,7
27/06/2021,Penjaringan,Jakarta Utara,231336,2860,348,Tidak Tercapai,1
27/06/2021,Ciracas,Jakarta Timur,221198,2800,928,Tidak Tercapai,7
27/06/2021,Pulo Gadung,Jakarta Timur,225123,2779,0,Tidak Tercapai,0
27/06/2021,Kembangan,Jakarta Barat,214043,2686,1008,Tidak Tercapai,0
27/06/2021,Cipayung,Jakarta Timur,201654,2658,8331,Tercapai,0
27/06/2021,Tambora,Jakarta Barat,200360,2565,0,Tidak Tercapai,2
27/06/2021,Pesanggrahan,Jakarta Selatan,185969,2378,1,Tidak Tercapai,0
27/06/2021,Kemayoran,Jakarta Pusat,188682,2364,549,Tidak Tercapai,2
27/06/2021,Tebet,Jakarta Selatan,176385,2177,0,Tidak Tercapai,0
27/06/2021,Grogol Petamburan,Jakarta Barat,178891,2095,47,Tidak Tercapai,10
27/06/2021,Palmerah,Jakarta Barat,166705,2077,44,Tidak Tercapai,0
27/06/2021,Pasar Rebo,Jakarta Timur,164381,2071,1,Tidak Tercapai,1
27/06/2021,Cilandak,Jakarta Selatan,163026,2047,168,Tidak Tercapai,1
27/06/2021,Makasar,Jakarta Timur,158891,1927,1207,Tidak Tercapai,0
27/06/2021,Matraman,Jakarta Timur,139214,1745,102,Tidak Tercapai,0
27/06/2021,Tanah Abang,Jakarta Pusat,130291,1647,0,Tidak Tercapai,1
27/06/2021,Pancoran,Jakarta Selatan,126184,1612,0,Tidak Tercapai,0
27/06/2021,Pademangan,Jakarta Utara,121625,1492,3,Tidak Tercapai,0
27/06/2021,Mampang Prapatan,Jakarta Selatan,114768,1483,2,Tidak Tercapai,0
27/06/2021,Kebayoran Baru,Jakarta Selatan,116091,1342,730,Tidak Tercapai,32
27/06/2021,Taman Sari,Jakarta Barat,98165,1149,0,Tidak Tercapai,0
27/06/2021,Sawah Besar,Jakarta Pusat,100082,1120,0,Tidak Tercapai,0
27/06/2021,Kelapa Gading,Jakarta Utara,108121,1114,298,Tidak Tercapai,0
27/06/2021,Johar Baru,Jakarta Pusat,103494,1102,21,Tidak Tercapai,0
27/06/2021,Senen,Jakarta Pusat,93920,1099,0,Tidak Tercapai,4
27/06/2021,Setia Budi,Jakarta Selatan,86331,1019,0,Tidak Tercapai,0
27/06/2021,Cempaka Putih,Jakarta Pusat,74156,893,116,Tidak Tercapai,0
27/06/2021,Gambir,Jakarta Pusat,74839,879,1,Tidak Tercapai,0
27/06/2021,Menteng,Jakarta Pusat,67585,770,1,Tidak Tercapai,0
27/06/2021,Kep. Seribu Utara,Kepulauan Seribu,11451,122,0,Tidak Tercapai,0
27/06/2021,Kep. Seribu Selatan,Kepulauan Seribu,8039,82,0,Tidak Tercapai,1
